Frequency (GHz);S11 (dB)
1,010000;-0,0048
1,020100;-0,0048
1,030200;-0,0047
1,040300;-0,0046
1,050400;-0,0047
1,060500;-0,0047
1,070600;-0,0047
1,080700;-0,0047
1,090800;-0,0046
1,100900;-0,0046
1,111000;-0,0047
1,121100;-0,0047
1,131200;-0,0046
1,141300;-0,0046
1,151400;-0,0047
1,161500;-0,0047
1,171600;-0,0048
1,181700;-0,0047
1,191800;-0,0047
1,201900;-0,0047
1,212000;-0,0048
1,222100;-0,0049
1,232200;-0,0049
1,242300;-0,0049
1,252400;-0,0049
1,262500;-0,0050
1,272600;-0,0051
1,282700;-0,0051
1,292800;-0,0052
1,302900;-0,0052
1,313000;-0,0053
1,323100;-0,0054
1,333200;-0,0055
1,343300;-0,0056
1,353400;-0,0056
1,363500;-0,0057
1,373600;-0,0059
1,383700;-0,0060
1,393800;-0,0061
1,403900;-0,0061
1,414000;-0,0062
1,424100;-0,0064
1,434200;-0,0066
1,444300;-0,0068
1,454400;-0,0069
1,464500;-0,0070
1,474600;-0,0071
1,484700;-0,0075
1,494800;-0,0076
1,504900;-0,0078
1,515000;-0,0079
1,525100;-0,0081
1,535200;-0,0085
1,545300;-0,0089
1,555400;-0,0091
1,565500;-0,0092
1,575600;-0,0095
1,585700;-0,0099
1,595800;-0,0103
1,605900;-0,0106
1,616000;-0,0109
1,626100;-0,0111
1,636200;-0,0116
1,646300;-0,0121
1,656400;-0,0126
1,666500;-0,0130
1,676600;-0,0133
1,686700;-0,0138
1,696800;-0,0145
1,706900;-0,0151
1,717000;-0,0156
1,727100;-0,0160
1,737200;-0,0167
1,747300;-0,0175
1,757400;-0,0183
1,767500;-0,0191
1,777600;-0,0196
1,787700;-0,0202
1,797800;-0,0212
1,807900;-0,0223
1,818000;-0,0233
1,828100;-0,0240
1,838200;-0,0248
1,848300;-0,0260
1,858400;-0,0273
1,868500;-0,0287
1,878600;-0,0298
1,888700;-0,0308
1,898800;-0,0321
1,908900;-0,0338
1,919000;-0,0357
1,929100;-0,0372
1,939200;-0,0386
1,949300;-0,0403
1,959400;-0,0424
1,969500;-0,0448
1,979600;-0,0471
1,989700;-0,0491
1,999800;-0,0512
2,009900;-0,0540
2,020000;-0,0573
2,030100;-0,0606
2,040200;-0,0635
2,050300;-0,0666
2,060400;-0,0703
2,070500;-0,0748
2,080600;-0,0796
2,090700;-0,0842
2,100800;-0,0887
2,110900;-0,0940
2,121000;-0,1005
2,131100;-0,1078
2,141200;-0,1150
2,151300;-0,1222
2,161400;-0,1304
2,171500;-0,1403
2,181600;-0,1517
2,191700;-0,1638
2,201800;-0,1763
2,211900;-0,1898
2,222000;-0,2061
2,232100;-0,2255
2,242200;-0,2472
2,252300;-0,2702
2,262400;-0,2957
2,272500;-0,3261
2,282600;-0,3628
2,292700;-0,4058
2,302800;-0,4542
2,312900;-0,5097
2,323000;-0,5764
2,333100;-0,6592
2,343200;-0,7611
2,353300;-0,8843
2,363400;-1,0343
2,373500;-1,2232
2,383600;-1,4697
2,393700;-1,7954
2,403800;-2,2277
2,413900;-2,8100
2,424000;-3,6199
2,434100;-4,7928
2,444200;-6,5625
2,454300;-9,3868
2,464400;-14,5229
2,474500;-32,5689
2,484600;-16,9213
2,494700;-10,5368
2,504800;-7,2994
2,514900;-5,3312
2,525000;-4,0426
2,535100;-3,1528
2,545200;-2,5105
2,555300;-2,0346
2,565400;-1,6797
2,575500;-1,4137
2,585600;-1,2082
2,595700;-1,0415
2,605800;-0,9031
2,615900;-0,7901
2,626000;-0,7009
2,636100;-0,6292
2,646200;-0,5673
2,656300;-0,5109
2,666400;-0,4615
2,676500;-0,4215
2,686600;-0,3898
2,696700;-0,3619
2,706800;-0,3344
2,716900;-0,3081
2,727000;-0,2862
2,737100;-0,2698
2,747200;-0,2559
2,757300;-0,2413
2,767400;-0,2256
2,777500;-0,2118
2,787600;-0,2019
2,797700;-0,1948
2,807800;-0,1869
2,817900;-0,1770
2,828000;-0,1673
2,838100;-0,1607
2,848200;-0,1568
2,858300;-0,1530
2,868400;-0,1468
2,878500;-0,1396
2,888600;-0,1344
2,898700;-0,1323
2,908800;-0,1309
2,918900;-0,1274
2,929000;-0,1221
2,939100;-0,1176
2,949200;-0,1162
2,959300;-0,1163
2,969400;-0,1149
2,979500;-0,1111
2,989600;-0,1072
2,999700;-0,1058
3,009800;-0,1068
3,019900;-0,1071
3,030000;-0,1047
